{"cameraMode":{"drawMode":0,"name":"Shaded","section":"Shading Mode"},"sceneLighting":false,"audioPlay":false,"sceneViewState":{"showFog":true,"showMaterialUpdate":false,"showSkybox":false,"showFlares":true,"showImageEffects":true,"showParticleSystems":true},"in2DMode":false,"pivot":{"x":-0.01000000536441803,"y":0.07999999821186066,"z":-0.1899999976158142},"rotation":{"x":0.2634459435939789,"y":0.1841120421886444,"z":-0.05129636079072952,"w":0.9455515742301941},"size":0.8573651909828186,"orthographic":false}