{"cameraMode":{"drawMode":0,"name":"Shaded","section":"Shading Mode"},"sceneLighting":false,"audioPlay":false,"sceneViewState":{"showFog":true,"showMaterialUpdate":false,"showSkybox":true,"showFlares":true,"showImageEffects":true,"showParticleSystems":true},"in2DMode":false,"pivot":{"x":0.0010000001639127732,"y":0.017000000923871995,"z":-0.060999996960163119},"rotation":{"x":0.2634459435939789,"y":0.1841120421886444,"z":-0.05129636079072952,"w":0.9455515742301941},"size":0.831588625907898,"orthographic":false}