{"cameraMode":{"drawMode":0,"name":"Shaded","section":"Shading Mode"},"sceneLighting":false,"audioPlay":false,"sceneViewState":{"showFog":true,"showMaterialUpdate":false,"showSkybox":false,"showFlares":true,"showImageEffects":true,"showParticleSystems":true},"in2DMode":false,"pivot":{"x":-0.019823431968688966,"y":0.0,"z":0.28944355249404909},"rotation":{"x":0.2634459435939789,"y":0.1841120421886444,"z":-0.05129636079072952,"w":0.9455515742301941},"size":0.25674116611480715,"orthographic":false}