{"cameraMode":{"drawMode":0,"name":"Shaded","section":"Shading Mode"},"sceneLighting":false,"audioPlay":false,"sceneViewState":{"showFog":true,"showMaterialUpdate":false,"showSkybox":false,"showFlares":true,"showImageEffects":true,"showParticleSystems":true},"in2DMode":false,"pivot":{"x":-0.06936420500278473,"y":-0.18560633063316346,"z":1.1759257316589356},"rotation":{"x":0.3878647983074188,"y":-0.07782745361328125,"z":0.032889269292354587,"w":0.917835533618927},"size":0.41925156116485598,"orthographic":false}