{"cameraMode":{"drawMode":0,"name":"Shaded","section":"Shading Mode"},"sceneLighting":false,"audioPlay":false,"sceneViewState":{"showFog":true,"showMaterialUpdate":false,"showSkybox":false,"showFlares":true,"showImageEffects":true,"showParticleSystems":true},"in2DMode":false,"pivot":{"x":0.04062886908650398,"y":0.022877320647239686,"z":0.2798842191696167},"rotation":{"x":0.2634459435939789,"y":0.1841120421886444,"z":-0.05129636079072952,"w":0.9455515742301941},"size":0.25674110651016238,"orthographic":false}