{"cameraMode":{"drawMode":0,"name":"Shaded","section":"Shading Mode"},"sceneLighting":false,"audioPlay":false,"sceneViewState":{"showFog":true,"showMaterialUpdate":false,"showSkybox":false,"showFlares":true,"showImageEffects":true,"showParticleSystems":true},"in2DMode":false,"pivot":{"x":0.34314125776290896,"y":0.0,"z":0.28895482420921328},"rotation":{"x":0.2634459435939789,"y":0.18411202728748322,"z":-0.05129636079072952,"w":0.9455515742301941},"size":0.4453928768634796,"orthographic":false}