{"cameraMode":{"drawMode":0,"name":"Shaded","section":"Shading Mode"},"sceneLighting":false,"audioPlay":false,"sceneViewState":{"showFog":true,"showMaterialUpdate":false,"showSkybox":true,"showFlares":true,"showImageEffects":true,"showParticleSystems":true},"in2DMode":false,"pivot":{"x":-0.5338080525398254,"y":0.2799999713897705,"z":0.14000000059604646},"rotation":{"x":0.4098767936229706,"y":-0.004644826054573059,"z":0.0020876210182905199,"w":0.9121267199516296},"size":0.4807485342025757,"orthographic":false}