{"cameraMode":{"drawMode":0,"name":"Shaded","section":"Shading Mode"},"sceneLighting":false,"audioPlay":false,"sceneViewState":{"showFog":true,"showMaterialUpdate":false,"showSkybox":true,"showFlares":true,"showImageEffects":true,"showParticleSystems":true},"in2DMode":false,"pivot":{"x":0.022868875414133073,"y":-0.5646317601203919,"z":0.934609055519104},"rotation":{"x":0.2634459435939789,"y":0.1841120421886444,"z":-0.05129636079072952,"w":0.9455515742301941},"size":2.492096185684204,"orthographic":false}