{"cameraMode":{"drawMode":0,"name":"Shaded","section":"Shading Mode"},"sceneLighting":false,"audioPlay":false,"sceneViewState":{"showFog":true,"showMaterialUpdate":false,"showSkybox":true,"showFlares":true,"showImageEffects":true,"showParticleSystems":true},"in2DMode":false,"pivot":{"x":0.34419602155685427,"y":0.5322064161300659,"z":0.7222659587860107},"rotation":{"x":0.2634459435939789,"y":0.18411202728748322,"z":-0.05129636079072952,"w":0.9455515742301941},"size":1.3953197002410889,"orthographic":false}